bookID,title,authors,average_rating,language_code,# num_pages,ratings_count,text_reviews_count
1,Harry Potter and the Half-Blood Prince (Harry Potter  #6),J.K. Rowling,4.56,eng,652,1944099,26249
2,Harry Potter and the Order of the Phoenix (Harry Potter  #5),J.K. Rowling,4.49,eng,870,1996446,27613
3,Harry Potter and the Sorcerer's Stone (Harry Potter  #1),J.K. Rowling,4.47,eng,320,5629932,70390
4,Harry Potter and the Chamber of Secrets (Harry Potter  #2),J.K. Rowling,4.41,eng,352,6267,272
5,Harry Potter and the Prisoner of Azkaban (Harry Potter  #3),J.K. Rowling,4.55,eng,435,2149872,33964
8,Harry Potter Boxed Set  Books 1-5 (Harry Potter  #1-5),J.K. Rowling,4.78,eng,2690,38872,154
9,"Unauthorized Harry Potter Book Seven News: ""Half-Blood Prince"" Analysis and Speculation",W. Frederick Zimmerman,3.69,en-US,152,18,1
10,Harry Potter Collection (Harry Potter  #1-6),J.K. Rowling,4.73,eng,3342,27410,820
12,The Ultimate Hitchhiker's Guide: Five Complete Novels and One Story (Hitchhiker's Guide to the Galaxy  #1-5),Douglas Adams,4.38,eng,815,3602,258
13,The Ultimate Hitchhiker's Guide to the Galaxy,Douglas Adams,4.38,eng,815,240189,3954
14,The Hitchhiker's Guide to the Galaxy (Hitchhiker's Guide to the Galaxy  #1),Douglas Adams,4.22,eng,215,4416,408
16,The Hitchhiker's Guide to the Galaxy (Hitchhiker's Guide to the Galaxy  #1),Douglas Adams-Stephen Fry,4.22,eng,6,1222,253
18,The Ultimate Hitchhiker's Guide (Hitchhiker's Guide to the Galaxy #1-5),Douglas Adams,4.38,en-US,815,2801,192
21,A Short History of Nearly Everything,Bill Bryson-William Roberts,4.2,eng,544,228522,8840
22,Bill Bryson's African Diary,Bill Bryson,3.43,eng,55,6993,470
23,Bryson's Dictionary of Troublesome Words: A Writer's Guide to Getting It Right,Bill Bryson,3.88,eng,256,2020,124
24,In a Sunburned Country,Bill Bryson,4.07,eng,335,68213,4077
25,I'm a Stranger Here Myself: Notes on Returning to America After Twenty Years Away,Bill Bryson,3.9,eng,304,47490,2153
26,The Lost Continent: Travels in Small Town America,Bill Bryson,3.83,en-US,299,43779,2146
27,Neither Here nor There: Travels in Europe,Bill Bryson,3.87,eng,254,46397,2127
28,Notes from a Small Island,Bill Bryson,3.92,eng,324,76476,3159
29,The Mother Tongue: English and How It Got That Way,Bill Bryson,3.94,eng,270,26672,1986
30,J.R.R. Tolkien 4-Book Boxed Set: The Hobbit and The Lord of the Rings,J.R.R. Tolkien,4.59,eng,1728,97731,1536
31,The Lord of the Rings (The Lord of the Rings  #1-3),J.R.R. Tolkien,4.49,eng,1184,1670,91
32,The Lord of the Rings (The Lord of the Rings  #1-3),J.R.R. Tolkien,4.49,eng,1137,2819,139
34,The Fellowship of the Ring (The Lord of the Rings  #1),J.R.R. Tolkien,4.35,eng,398,2009749,12784
35,The Lord of the Rings (The Lord of the Rings  #1-3),J.R.R. Tolkien,4.49,en-US,1216,1606,139
36,The Lord of the Rings: Weapons and Warfare,Chris   Smith-Christopher  Lee-Richard Taylor,4.53,eng,218,18934,43
37,The Lord of the Rings: Complete Visual Companion,Jude Fisher,4.5,eng,224,343,6
38,The Lord of the Rings Box Set,J.R.R. Tolkien,4.49,eng,1223,216,19
40,Cooking with Fernet Branca (Gerald Samper  #1),James Hamilton-Paterson,3.61,eng,288,1214,202
45,Agile Web Development with Rails: A Pragmatic Guide,Dave Thomas-David Heinemeier Hansson-Leon Breedt-Mike Clark-Thomas  Fuchs-Andreas  Schwarz,3.89,eng,558,1269,59
50,Hatchet,Gary Paulsen,3.7,eng,208,254827,11346
51,"Hatchet: A Guide for Using ""Hatchet"" in the Classroom",Donna Ickes-Edward Sciranko-Keith Vasconcelles,3.97,eng,48,35,2
53,Guts: The True Stories behind Hatchet and the Brian Books,Gary Paulsen,3.87,eng,144,1996,326
54,Molly Hatchet - 5 of the Best,Molly Hatchet,4.33,eng,56,6,0
55,Hatchet Jobs: Writings on Contemporary Fiction,Dale Peck,3.48,en-US,228,99,16
57,A Changeling for All Seasons (Changeling Seasons #1),Angela Knight-Sahara Kelly-Judy Mays-Marteeka Karland-Kate Douglas-Shelby Morgen-Lacey Savage-Kate Hill-Willa Okati,3.75,eng,304,167,4
58,Changeling (Changeling  #1),Delia Sherman,3.6,eng,256,957,112
59,The Changeling Sea,Patricia A. McKillip,4.07,eng,137,4319,289
61,The Changeling,Zilpha Keatley Snyder,4.17,eng,228,1155,92
63,The Changeling,Kate Horsley,3.56,eng,339,295,42
66,The Changeling (Daughters of England  #15),Philippa Carr,3.99,eng,369,341,12
67,The Known World,Edward P. Jones,3.83,eng,388,28962,2576
68,The Known World,Edward P. Jones-Kevin R. Free,3.83,en-US,14,50,12
69,The Known World,Edward P. Jones,3.83,eng,576,22,3
71,Traders  Guns & Money: Knowns and Unknowns in the Dazzling World of Derivatives,Satyajit Das,3.83,eng,334,1398,78
72,Artesia: Adventures in the Known World,Mark Smylie,4.16,eng,352,50,4
73,The Known World,Edward P. Jones,3.83,eng,388,15,2
74,The John McPhee Reader (John McPhee Reader  #1),John McPhee,4.43,eng,416,550,36
75,Uncommon Carriers,John McPhee,3.95,en-US,248,1561,192
76,Heirs of General Practice,John McPhee,4.15,eng,128,253,18
77,The Control of Nature,John McPhee,4.24,en-US,288,3365,290
78,Annals of the Former World,John McPhee,4.33,eng,720,2966,211
79,Coming Into the Country,John McPhee,4.22,eng,448,5452,245
80,La Place de la Concorde Suisse,John McPhee,3.91,eng,160,671,52
81,Giving Good Weight,John McPhee,4.22,eng,288,533,34
83,Rising from the Plains,John McPhee,4.22,eng,208,1263,91
85,The Heidi Chronicles,Wendy Wasserstein,3.73,eng,81,1348,69
86,The Heidi Chronicles: Uncommon Women and Others & Isn't It Romantic,Wendy Wasserstein,3.83,eng,249,2732,63
89,Active Literacy Across the Curriculum: Strategies for Reading  Writing  Speaking  and Listening,Heidi Hayes Jacobs,3.94,eng,138,31,1
90,Simply Beautiful Beaded Jewelry,Heidi Boyd,3.75,en-US,128,61,4
91,Always Enough: God's Miraculous Provision Among the Poorest Children on Earth,Heidi Baker-Rolland Baker,4.45,eng,192,822,53
92,Mapping the Big Picture: Integrating Curriculum & Assessment K-12,Heidi Hayes Jacobs,3.7,en-US,72,71,2
93,Heidi,Johanna Spyri-Beverly Cleary-Angelo  Rinaldi,3.98,eng,352,150657,2175
94,Getting Results with Curriculum Mapping,Heidi Hayes Jacobs,3.28,eng,192,53,5
96,There's Always Enough: The Miraculous Move of God in Mozambique,Rolland Baker-Heidi Baker,4.45,eng,192,34,6
98,What to Expect the First Year (What to Expect),Heidi Murkoff-Sharon Mazel-Heidi Murkoff-Arlene Eisenberg-Sandee Hathaway-Mark D. Widome,3.88,eng,832,11489,658
99,The Player's Handbook: The Ultimate Guide on Dating and Relationships,Heidi Fleiss-Libby Keatinge,3.82,eng,123,34,8
100,Simply Beautiful Beading: 53 Quick and Easy Projects,Heidi Boyd,3.75,en-US,128,75,4
103,God Emperor of Dune (Dune Chronicles  #4),Frank Herbert,3.83,eng,423,2692,168
105,Chapterhouse: Dune (Dune Chronicles #6),Frank Herbert,3.9,eng,436,38651,552
106,Dune Messiah (Dune Chronicles #2),Frank Herbert,3.87,eng,331,96649,2306
107,Dreamer of Dune: The Biography of Frank Herbert,Brian Herbert,4,en-US,592,755,21
109,Heretics of Dune (Dune Chronicles  #5),Frank Herbert,3.85,eng,480,261,18
110,The Road to Dune (Dune Universe),Frank Herbert-Brian Herbert-Kevin J. Anderson,3.87,eng,426,4561,76
112,Children of Dune (Dune Chronicles #3),Frank Herbert,3.92,eng,408,84276,1370
117,Heretics of Dune (Dune Chronicles #5),Frank Herbert,3.85,eng,471,45211,616
122,The Power of One (The Power of One  #1),Bryce Courtenay,4.35,eng,544,66687,4445
123,The Power of One (The Power of One  #1),Bryce Courtenay,4.35,eng,291,44,12
129,The Power of One: One Person  One Rule  One Month,John C. Maxwell-Stephen R. Graves-Thomas G. Addington,4.28,en-US,256,16,1
130,Power of an Hour: Business and Life Mastery in One Hour a Week,Dave Lakhani,3.31,eng,205,163,16
131,The Power of One: The Solo Play for Playwrights  Actors  and Directors,Louis E. Catron,3.79,eng,240,10,0
132,How to Buy  Sell & Profit on eBay: Kick-Start Your Home-Based Business in Just Thirty Days,Adam Ginsberg,3.49,eng,336,73,9
133,eBay for Dummies,Marsha Collier,3.5,eng,386,102,9
135,What to Sell on ebay and Where to Get It: The Definitive Guide to Product Sourcing for eBay and Beyond,Chris Malta-Lisa Suttora,3.62,eng,260,24,0
137,Starting an eBay Business for Dummies,Marsha Collier,3.52,eng,384,51,4
138,eBay: Top 100 Simplified Tips & Tricks,Julia Wilkinson,4.27,eng,260,9,0
139,ebay Timesaving Techniques for Dummies,Marsha Collier,3.55,en-US,391,19,1
140,eBay Business All-in-One Desk Reference for Dummies,Marsha Collier,3.89,en-US,864,17,3
141,Ruby Cookbook,Lucas Carlson-Leonard Richardson,3.82,eng,873,163,4
142,Ruby Ann's Down Home Trailer Park Cookbook,Ruby Ann Boxcar,4.09,eng,240,47,5
144,Ruby Ann's Down Home Trailer Park BBQin' Cookbook,Ruby Ann Boxcar,4.08,eng,206,12,2
147,Rails Cookbook: Recipes for Rapid Web Development with Ruby,Rob Orsini,3.65,eng,514,49,1
151,Anna Karenina,Leo Tolstoy-Richard Pevear-Larissa Volokhonsky,4.04,eng,838,15747,1795
152,Anna Karenina,Leo Tolstoy-David Magarshack-Priscilla Meyer,4.04,eng,960,108970,5694
153,Anna Karenina,Leo Tolstoy-Richard Pevear-Larissa Volokhonsky-John Bayley,4.04,eng,837,2835,300
154,CliffsNotes on Tolstoy's Anna Karenina,Marianne Sturman-Leo Tolstoy,3.89,eng,80,15,3
155,Anna Karenina,Leo Tolstoy-Amy Mandelker-Constance Garnett,4.04,eng,803,9362,710
156,Anna Karenina,Leo Tolstoy-Louise Maude-Aylmer Maude,4.04,eng,752,460,71
